ein,org,tax_prd_yr,tax_prd,formtype,totrevenue,totfuncexpns,totassetsend,totliabend,totnetassetend,totcntrbgfts,totprgmrevnue,invstmntinc,compnsatncurrofcr,pdf_url
620550979,Nashville Symphony Association,2011,201107,0,45857771,33185174,209803881,116778686,93025195,14702020,5947595,1301165,1220576,https://projects.propublica.org/nonprofits/download-filing?path=2012_03_EO%2F62-0550979_990_201107.pdf
620550979,Nashville Symphony Association,2012,201207,0,21565208,33301610,181289803,109238949,72050854,10598243,7934210,1409640,1249488,https://projects.propublica.org/nonprofits/download-filing?path=2013_05_EO%2F62-0550979_990_201207.pdf
620550979,Nashville Symphony Association,2013,201307,0,21136846,34368792,128202779,30326219,97876560,4931717,7431021,1712732,1573057,https://projects.propublica.org/nonprofits/download-filing?path=2014_07_EO%2F62-0550979_990_201307.pdf
620550979,Nashville Symphony Association,2014,201407,0,19247685,24444914,120713276,27987573,92725703,8356330,9179687,236301,1302611,https://projects.propublica.org/nonprofits/download-filing?path=2015_05_EO%2F62-0550979_990_201407.pdf
620550979,Nashville Symphony Association,2015,201507,0,21964406,25358267,117274111,28087030,89187081,10603311,9476437,232882,1184470,https://projects.propublica.org/nonprofits/download-filing?path=2016_07_EO%2F62-0550979_990_201507.pdf
620550979,Nashville Symphony Association,2016,201607,0,19639079,27685757,109322963,27941837,81381126,5813618,11575620,206876,1804784,https://projects.propublica.org/nonprofits/download-filing?path=IRS%2F620550979_201607_990_2017081014633399.pdf
620550979,Nashville Symphony Association,2017,201707,0,21841887,25298449,105480944,27654801,77826143,7798807,10916613,217471,1923516,https://projects.propublica.org/nonprofits/download-filing?path=04_2018_prefixes_57-63%2F620550979_201707_990_2018040615249307.pdf
620550979,Nashville Symphony Association,2018,201807,0,23557261,26456868,101369905,26315206,75054699,8289589,11626539,380290,1900779,https://projects.propublica.org/nonprofits/download-filing?path=05_2019_prefixes_59-64%2F620550979_201807_990_2019051016285623.pdf
620550979,Nashville Symphony Association,2019,201907,0,23179344,27421525,97192767,26362252,70830515,9667688,10754030,363102,2007355,https://projects.propublica.org/nonprofits/download-filing?path=08_2020_prefixes_57-62%2F620550979_201907_990_2020081017227125.pdf
620550979,Nashville Symphony Association,2020,202007,0,15947022,23610906,92523857,29345428,63178429,9367661,6214666,338092,1800695,
620550979,Nashville Symphony Association,2021,202107,0,12366678,10341118,100031908,32935024,67096884,10262146,15000,220299,865343,
620550979,Nashville Symphony Association,2022,202207,0,29930263,25669126,95225876,26219853,69006023,18577502,7409676,314627,1553206,https://projects.propublica.org/nonprofits/download-filing?path=download990pdf_07_2023%2F620550979_202207_990_2023071021471911.pdf
620550979,Nashville Symphony Association,2023,202307,0,22002934,29140670,89181075,26874854,62306221,11326273,8802712,569660,1988137,
