ein,organization,tax_year,form,file,irs_url,view_url,source
620550979,Nashville Symphony Association,2016,990,620550979/2016-form-990.pdf,https://apps.irs.gov/pub/epostcard/cor/620550979_201607_990_2017081014633399.pdf,,IRS scan (OCR sidecar)
620550979,Nashville Symphony Association,2017,990,620550979/2017-form-990.pdf,https://apps.irs.gov/pub/epostcard/cor/620550979_201707_990_2018040615249307.pdf,,IRS scan (OCR sidecar)
620550979,Nashville Symphony Association,2018,990,620550979/2018-form-990.pdf,https://apps.irs.gov/pub/epostcard/cor/620550979_201807_990_2019051016285623.pdf,,IRS scan (OCR sidecar)
620550979,Nashville Symphony Association,2019,990,620550979/2019-form-990.pdf,https://apps.irs.gov/pub/epostcard/cor/620550979_201907_990_2020081017227125.pdf,,IRS scan (OCR sidecar)
620550979,Nashville Symphony Association,2022,990,620550979/2022-form-990.pdf,https://apps.irs.gov/pub/epostcard/cor/620550979_202207_990_2023071021471911.pdf,,IRS scan (OCR sidecar)
620550979,Nashville Symphony Association,2024,990,620550979/2024-form-990.pdf,https://apps.irs.gov/pub/epostcard/cor/620550979_202407_990_2025081423658703.pdf,,IRS scan (OCR sidecar)
626222276,Nashville Symphony Endowment Trust,2016,990,626222276/2016-form-990.pdf,https://apps.irs.gov/pub/epostcard/cor/626222276_201612_990_2017060814506225.pdf,,IRS scan (OCR sidecar)
626222276,Nashville Symphony Endowment Trust,2017,990,626222276/2017-form-990.pdf,https://apps.irs.gov/pub/epostcard/cor/626222276_201712_990_2018121916028167.pdf,,IRS scan (OCR sidecar)
626222276,Nashville Symphony Endowment Trust,2018,990,626222276/2018-form-990.pdf,https://apps.irs.gov/pub/epostcard/cor/626222276_201809_990_2019101016733647.pdf,,IRS scan (OCR sidecar)
620550979,Nashville Symphony Association,2020,990,620550979/2020-form-990.pdf,https://apps.irs.gov/pub/epostcard/990/xml/2021/2021_TEOS_XML_01A.zip,https://projects.propublica.org/nonprofits/organizations/620550979/202111379349304041/full,ProPublica Visual Render of the IRS e-file (print of View Filing); 2020-form-990.xml is the underlying IRS data
620550979,Nashville Symphony Association,2021,990,620550979/2021-form-990.pdf,https://apps.irs.gov/pub/epostcard/990/xml/2022/2022_TEOS_XML_01A.zip,https://projects.propublica.org/nonprofits/organizations/620550979/202231649349300423/full,ProPublica Visual Render of the IRS e-file (print of View Filing); 2021-form-990.xml is the underlying IRS data
620550979,Nashville Symphony Association,2023,990,620550979/2023-form-990.pdf,https://apps.irs.gov/pub/epostcard/990/xml/2024/2024_TEOS_XML_06A.zip,https://projects.propublica.org/nonprofits/organizations/620550979/202441509349301854/full,ProPublica Visual Render of the IRS e-file (print of View Filing); 2023-form-990.xml is the underlying IRS data
620550979,Nashville Symphony Association,2025,990,620550979/2025-form-990.pdf,https://apps.irs.gov/pub/epostcard/990/xml/2026/2026_TEOS_XML_06A.zip,https://projects.propublica.org/nonprofits/organizations/620550979/202601629349301775/full,ProPublica Visual Render of the IRS e-file (print of View Filing); 2025-form-990.xml is the underlying IRS data
